# name/first,name/last,pick,age,street,pick,city,zip,email,phone
Brent,Black,w,19,Ricid Street,30003,Hosranca,77313,zenvazkus@veohav.va,(454) 274-9830
Vera,Buchanan,w,55,Jupfo Key,30004,Rozuhem,00743,ic@ne.lu,(209) 967-1945
Andre,Graves,m,47,Difa View,30003,Refbuuna,47910,ri@sota.hu,(589) 290-1611
Landon,Fleming,w,23,Esenur Junction,30004,Nudiek,79041,wuk@ij.al,(644) 953-6314
Samuel,Dennis,w,37,Figu Highway,30002,Juejobo,09067,za@vol.tk,(584) 751-3291
Isaac,Austin,m,32,Hisa Parkway,30003,Kikaom,02554,kojvutmoz@nem.il,(384) 799-8702
Martha,Burns,w,47,Dela Glen,30005,Ranibo,34394,he@na.cv,(588) 769-2779
Adeline,Fitzgerald,w,31,Iwma Extension,30005,Ciowemib,90915,mim@tecjim.so,(689) 868-8974
Cecilia,Sanders,w,64,Ruroj Trail,30005,Rugije,55681,wenfe@gedage.to,(711) 573-7929
Bessie,Ross,w,60,Zotle Pike,30004,Diwica,74694,bufce@pud.vg,(651) 755-3059
Julian,Cole,m,28,Habe Road,30003,Jelnede,54601,uz@adeelu.net,(464) 629-7364
Derek,Hernandez,w,52,Hasu Center,30003,Bemadwew,64206,eroge@tiv.ir,(916) 539-3109
Sue,Goodman,m,28,Vojir Heights,30004,Loksekoc,84895,kopon@niemmal.pt,(420) 244-1950
Cynthia,Rose,m,56,Kadaz Square,30003,Viinjus,64417,lohulew@luc.uk,(407) 647-7462
Keith,Mills,w,34,Zivum Place,30001,Gafpujum,24466,hog@giot.vu,(361) 418-8358
Susie,Hansen,m,45,Nokli Pass,30002,Daawukah,49048,ov@eku.ml,(370) 354-1120
Francis,Bailey,m,50,Toun Street,30003,Ipopuzheh,98267,cad@fed.no,(368) 650-1451
Catherine,Hicks,w,64,Ruwut Park,30004,Amlaje,68361,sanud@mub.bs,(852) 308-5916
Stephen,Castro,m,43,Vake Mill,30004,Zuegogun,58813,juvsipu@dohigi.tz,(334) 355-3748
Jennie,Shaw,w,48,Fejfaz Heights,30003,Hawnago,19381,lebanema@wamo.am,(673) 833-5767
Dean,Schmidt,m,46,Fehfen Court,30004,Pozada,35466,couzze@kevo.ng,(588) 892-3247
Lilly,Bass,m,49,Biro Extension,30002,Tivbowohi,85609,cubuj@sauku.kz,(234) 970-2034
Leo,Swanson,w,21,Hovza Place,30005,Nukutih,46603,zugzil@ruzepid.aq,(833) 772-7674
Ann,Simpson,w,26,Godor Point,30005,Ebufagu,48779,sekodug@ganzigu.ml,(282) 748-1998
Estelle,Davis,m,20,Zilel Manor,30003,Awwuig,72773,abi@penkisag.er,(282) 306-8927
Harvey,Matthews,w,25,Falwuh Heights,30005,Vehiwdu,20608,fidig@fugih.bb,(540) 566-6632
Abbie,Robertson,m,63,Ufumah Junction,30004,Wivotwog,77707,pegev@egojine.tm,(551) 723-8309
Ricky,Matthews,w,54,Ririr Circle,30002,Wodeme,15499,nelzurip@ke.rs,(927) 889-9118
Eleanor,Weber,w,22,Rapjo Plaza,30002,Ifohaeg,51270,ovur@waus.cv,(220) 729-1972
Lida,Chavez,w,57,Bafsam Path,30004,Jihuvbe,46997,kon@wi.as,(641) 588-7890
Steve,Hawkins,m,25,Vipmub Pike,30003,Ugenukiv,86956,hunmavcif@feisbu.si,(630) 397-2432
Lois,Copeland,m,35,Utezot Key,30001,Nihtogar,57899,siwar@upewuf.cg,(503) 624-4571
Lucas,Perkins,w,38,Ucum River,30005,Gisatu,41181,ka@jemtul.bq,(846) 479-6053
Bess,Duncan,w,38,Haos Highway,30003,Jediprub,45826,sowi@nigsite.fj,(516) 427-8337
Fanny,Kim,w,46,Ogajaw Square,30002,Umazutguv,45222,kokejuz@lec.it,(301) 876-9737
Fred,Saunders,m,57,Asiafa Circle,30004,Taodewoj,64819,bafre@ido.fo,(638) 737-4369
Eric,Hayes,m,39,Hiogo Trail,30002,Owacomso,03744,iwo@kil.gs,(461) 404-5244
Fanny,Collins,w,53,Jefku Manor,30004,Ottuaza,63607,zilvi@zakwuvhe.uz,(683) 611-5948
Calvin,Austin,m,42,Awri Point,30001,Cebawku,54510,meudoak@kuhgugol.lr,(311) 482-3057
Warren,McBride,w,48,Pizup Pass,30002,Rokubi,05053,ve@hih.qa,(973) 311-5870
Lucille,Long,w,60,Nadfem Plaza,30001,Tuvcofev,45251,helon@datadob.cm,(931) 911-1814
Bruce,Elliott,w,26,Gula Pass,30002,Fokisfi,30358,jivzib@efa.dk,(254) 909-1895
Paul,Wright,m,56,Kacug Parkway,30005,Vekuced,53296,nug@pig.mr,(584) 253-6269
Jean,Ingram,m,55,Kacveb View,30004,Leadenit,95484,catji@fir.vu,(215) 616-5620
Virgie,Webb,w,41,Turse Parkway,30001,Fevzepir,29502,bu@abe.md,(762) 946-8176
Edward,Wilkerson,m,64,Etco Point,30003,Uwsatubi,32559,hu@mihako.ro,(283) 478-9810
Irene,Perry,w,58,Pubu Extension,30002,Podwoloh,50411,do@repaguno.sg,(518) 417-7059
Bobby,Gomez,m,23,Niof Junction,30004,Vefifkot,37970,se@talmu.gi,(305) 421-6962
Rosetta,Lamb,w,49,Imepi Way,30003,Ukinorlo,19313,midupab@nopaj.ga,(955) 979-5918
Clayton,Gomez,m,22,Kehtu Terrace,30001,Fenalded,75545,pahah@movoom.cz,(508) 986-2859
Terry,Bell,m,37,Cepo Place,30001,Wokeaj,78646,etcej@tud.de,(928) 223-6433
Warren,Zimmerman,w,37,Gonda Ridge,30001,Hewzajfim,32007,moges@zosice.br,(264) 271-7618
Hilda,White,m,24,Hobo Grove,30004,Guwtoej,08276,rulmi@giam.dk,(608) 941-4676
Edith,Armstrong,w,32,Pode Loop,30002,Hogedaved,72140,bejerbul@fima.bb,(215) 873-8629
Violet,Holmes,w,49,Zecro Lane,30001,Pubogud,91260,lohen@cepforham.an,(703) 242-6954
Mike,Maldonado,m,34,Ufdaw Mill,30001,Kuzmirog,61908,ji@agsifgi.ru,(460) 972-3835
Sean,Nunez,w,61,Hisli Lane,30003,Kohunwup,04328,ve@nihzuwwa.bz,(626) 728-4690
Kenneth,Burton,w,40,Diteka Turnpike,30001,Kugewatif,27416,ajceawu@epumuhef.je,(524) 642-2004
Edward,Delgado,w,48,Nine Street,30002,Monune,81766,ubaicitu@al.re,(533) 758-3592
Etta,Perez,m,18,Voza Junction,30004,Uwegcif,43454,ri@cela.mv,(759) 275-3599
Walter,Arnold,w,40,Side Drive,30002,Nojdokud,81584,we@gezpahen.lv,(659) 360-9352
Lula,Hansen,m,40,Setak Way,30003,Ruwvukza,36318,ovajom@uleabo.ae,(422) 821-8492
Clifford,Hodges,m,28,Tofo Avenue,30003,Higcibud,21694,zavmek@dume.yt,(350) 779-1198
Arthur,Quinn,m,19,Zefuk Pike,30003,Bomzagec,92215,pimavwo@romiw.mp,(915) 527-8136
Inez,Parks,w,25,Cugu Loop,30005,Howpagoz,29182,fe@nagopid.eh,(621) 336-1284
Rodney,Foster,w,56,Riro Parkway,30004,Hefuwca,09060,fehepte@jajfawzib.ac,(888) 602-2973
Flora,Hudson,m,55,Juppil View,30003,Goatlaf,50109,zotak@seenwo.bj,(278) 221-7297
Julian,Johnson,w,47,Fewul Mill,30004,Galhobe,11371,helekoge@nepod.ck,(254) 346-5178
Rosetta,Romero,w,24,Dewhi Parkway,30004,Hazoso,44377,bosnomaz@uta.bv,(427) 897-8264
Bernard,Lawson,m,28,Dujona Path,30002,Nuvnonipo,59387,gotol@fevikoz.zm,(772) 415-9936
Ida,Douglas,m,55,Nevicu Mill,30005,Pedurgam,21159,peg@saw.sj,(680) 418-9656
Adelaide,Sanchez,m,43,Zepo Point,30005,Ejkuhbob,61686,raali@nirre.mt,(620) 538-8132
Olga,Reid,w,62,Ilke Street,30002,Gerusoed,64751,otadisdu@koahju.gb,(552) 330-8696
George,Reid,m,27,Kadir Pass,30002,Ofunigol,32133,jot@seov.sn,(936) 440-2039
Susan,Todd,w,53,Juese Manor,30004,Nudofvu,74248,lole@mo.fk,(248) 698-3997
Herbert,Parsons,w,28,Gunuk Way,30002,Bolwowe,28276,pufuh@eriwak.mt,(840) 413-9696
Adelaide,Flores,w,30,Pano Boulevard,30005,Ancoiv,87453,oteligfi@kospo.dz,(638) 347-5421
Isabelle,Schultz,w,24,Ruwloh Circle,30001,Mammuifa,08455,erazaj@li.th,(618) 924-6327
Eva,Nash,w,41,Nudic Ridge,30001,Ilenapmu,00823,vo@tivos.hu,(608) 543-6609
Angel,Gordon,m,60,Viban Grove,30003,Vibreroh,16533,ag@tugidi.ye,(272) 429-1556
Nelle,Tran,m,57,Pogmeb Extension,30005,Duszahbos,35544,otufira@kog.gb,(952) 916-8263
Dustin,Bradley,m,52,Fihlo Place,30004,Wortavbi,06021,mumuk@kulul.gm,(902) 398-1248
Isaiah,Schmidt,w,25,Hemav Trail,30004,Repewki,63599,foisi@durwo.pt,(344) 832-8277
Luella,Burke,w,44,Tikti Park,30003,Fadave,19643,kuwad@wujir.sa,(222) 630-1250
Elizabeth,Larson,m,63,Zata Trail,30004,Mokusiw,90347,fu@ceikja.vc,(833) 989-6736
Dora,Barnes,w,62,Cafkak Glen,30001,Tepkilij,98566,ku@ruiruto.ru,(863) 528-8355
Elva,Andrews,m,27,Tuke Way,30004,Wikhapaf,13520,haces@viwali.ml,(737) 442-7131
Mason,Gilbert,m,38,Befha River,30003,Miijeata,03564,huzideb@awemowbiz.vu,(875) 293-1387
Henrietta,Maldonado,w,22,Bisit Extension,30002,Denonle,19875,agugo@pavaso.kz,(900) 439-8590
Lena,Washington,w,58,Mazlem Extension,30001,Jeigouc,81790,na@ibiaf.re,(308) 850-3306
Myrtle,Ryan,w,33,Aftov Highway,30002,Tughoccoj,27157,dullo@since.fr,(555) 303-1007
Eliza,Moore,m,46,Laeti Mill,30001,Eksoka,86535,uberutuz@ciwfan.ba,(307) 537-9417
Matthew,Padilla,m,29,Ifenu Manor,30002,Moreheli,28954,belhicke@voznuz.wf,(233) 851-6625
Marcus,Cook,w,37,Sohwi Key,30005,Kapesil,44220,lekvokza@zegeki.nl,(979) 887-4475
Danny,Malone,w,65,Cafsed Point,30003,Welanwov,38337,cujope@vanzu.gh,(238) 776-3722
Travis,Rice,m,48,Ezuni Key,30001,Mogivpa,38956,is@lov.an,(835) 787-8844
Tyler,Gonzales,m,34,Jepzof Court,30001,Fozbahwut,79446,do@cunejfu.kh,(439) 246-4135
Troy,Rivera,w,25,Gieg Glen,30004,Jatnocji,80282,af@necoj.ac,(944) 836-6361
Isabel,Dennis,w,19,Iwjom Manor,30005,Icpekrom,79206,ilizafep@ze.in,(801) 212-4825
Marguerite,Romero,w,43,Tisteh Point,30005,Raurano,30728,zigdav@of.kz,(518) 409-7325
